Subfamily,Tribe,Genus,Species
Pierinae,Pierini,Delias,Delias_elongatus
Pierinae,Pierini,Delias,Delias_roepkei
Pierinae,Pierini,Delias,Delias_nais
Pierinae,Pierini,Delias,Delias_caroli
Pierinae,Pierini,Delias,Delias_albertisi
Pierinae,Pierini,Delias,Delias_discus
Pierinae,Pierini,Delias,Delias_clathrata
Pierinae,Pierini,Delias,Delias_hypoxantha
Pierinae,Pierini,Delias,Delias_meeki
Pierinae,Pierini,Delias,Delias_niepelti
Pierinae,Pierini,Delias,Delias_anamesa
Pierinae,Pierini,Delias,Delias_iltis
Pierinae,Pierini,Delias,Delias_hapalina
Pierinae,Pierini,Delias,Delias_luctuosa
Pierinae,Pierini,Delias,Delias_callista
Pierinae,Pierini,Delias,Delias_bakeri
Pierinae,Pierini,Delias,Delias_durai
Pierinae,Pierini,Delias,Delias_wollastoni
Pierinae,Pierini,Delias,Delias_eximia
Pierinae,Pierini,Delias,Delias_shunichii
Pierinae,Pierini,Delias,Delias_funerea
Pierinae,Pierini,Delias,Delias_nigrina
Pierinae,Pierini,Delias,Delias_ornytion
Pierinae,Pierini,Delias,Delias_dohertyi
Pierinae,Pierini,Delias,Delias_harpalyce
Pierinae,Pierini,Delias,Delias_isocharis
Pierinae,Pierini,Delias,Delias_dixeyi
Pierinae,Pierini,Delias,Delias_kummeri
Pierinae,Pierini,Delias,Delias_messalina
Pierinae,Pierini,Delias,Delias_ligata
Pierinae,Pierini,Delias,Delias_weiskei
Pierinae,Pierini,Delias,Delias_leucias
Pierinae,Pierini,Delias,Delias_cumanau
Pierinae,Pierini,Delias,Delias_phippsi
Pierinae,Pierini,Delias,Delias_nieuwenhuisi
Pierinae,Pierini,Delias,Delias_belisama
Pierinae,Pierini,Delias,Delias_descombesi
Pierinae,Pierini,Delias,Delias_aurantia
Pierinae,Pierini,Delias,Delias_oraia
Pierinae,Pierini,Delias,Delias_eumolpe
Pierinae,Pierini,Delias,Delias_madetes
Pierinae,Pierini,Delias,Delias_aruna
Pierinae,Pierini,Delias,Delias_zebuda
Pierinae,Pierini,Delias,Delias_ellipsis
Pierinae,Pierini,Delias,Delias_splendida
Pierinae,Pierini,Delias,Delias_diaphana
Pierinae,Pierini,Delias,Delias_berinda
Pierinae,Pierini,Delias,Delias_lara
Pierinae,Pierini,Delias,Delias_doylei
Pierinae,Pierini,Delias,Delias_mysis
Pierinae,Pierini,Delias,Delias_euphemia
Pierinae,Pierini,Delias,Delias_fasciata
Pierinae,Pierini,Delias,Delias_timorensis
Pierinae,Pierini,Delias,Delias_periboea
Pierinae,Pierini,Delias,Delias_argenthona
Pierinae,Pierini,Delias,Delias_ceneus
Pierinae,Pierini,Delias,Delias_edela
Pierinae,Pierini,Delias,Delias_poecilea
Pierinae,Pierini,Delias,Delias_schoenbergi
Pierinae,Pierini,Delias,Delias_salvini
Pierinae,Pierini,Delias,Delias_bagoe
Pierinae,Pierini,Delias,Delias_rosenbergi
Pierinae,Pierini,Delias,Delias_mitisi
Pierinae,Pierini,Delias,Delias_eucharis
Pierinae,Pierini,Delias,Delias_sambawana
Pierinae,Pierini,Delias,Delias_eileenae
Pierinae,Pierini,Delias,Delias_belladonna
Pierinae,Pierini,Delias,Delias_surprisa
Pierinae,Pierini,Delias,Delias_subnubila
Pierinae,Pierini,Delias,Delias_aganippe
Pierinae,Pierini,Delias,Delias_ormoensis
Pierinae,Pierini,Delias,Delias_heroni
Pierinae,Pierini,Delias,Delias_hypomelas
Pierinae,Pierini,Delias,Delias_cuningputi
Pierinae,Pierini,Delias,Delias_chimbu
Pierinae,Pierini,Delias,Delias_konokono
Pierinae,Pierini,Delias,Delias_flavissima
Pierinae,Pierini,Delias,Delias_aroae
Pierinae,Pierini,Delias,Delias_kenricki
Pierinae,Pierini,Delias,Delias_geraldina
Pierinae,Pierini,Delias,Delias_waterstradti
Pierinae,Pierini,Delias,Delias_microsticha
Pierinae,Pierini,Delias,Delias_stresemanni
Pierinae,Pierini,Delias,Delias_schmassmanni
Pierinae,Pierini,Delias,Delias_sagessa
Pierinae,Pierini,Delias,Delias_abrophora
Pierinae,Pierini,Delias,Delias_frater
Pierinae,Pierini,Delias,Delias_hagenensis
Pierinae,Pierini,Delias,Delias_antara
Pierinae,Pierini,Delias,Delias_mullerensis
Pierinae,Pierini,Delias,Delias_eichhorni
Pierinae,Pierini,Delias,Delias_germana
Pierinae,Pierini,Delias,Delias_muliensis
Pierinae,Pierini,Delias,Delias_heliophora
Pierinae,Pierini,Delias,Delias_gilliardi
Pierinae,Pierini,Delias,Delias_carstensziana
Pierinae,Pierini,Delias,Delias_leucobalia
Pierinae,Pierini,Delias,Delias_hallstromi
Pierinae,Pierini,Delias,Delias_toxopei
Pierinae,Pierini,Delias,Delias_catisa
Pierinae,Pierini,Delias,Delias_ladas
Pierinae,Pierini,Delias,Delias_caliban
Pierinae,Pierini,Delias,Delias_totila
Pierinae,Pierini,Delias,Delias_subviridis
Pierinae,Pierini,Delias,Delias_dorylaea
Pierinae,Pierini,Delias,Delias_mavroneria
Pierinae,Pierini,Delias,Delias_hippodamia
Pierinae,Pierini,Delias,Delias_baracasa
Pierinae,Pierini,Delias,Delias_kazueae
Pierinae,Pierini,Delias,Delias_agostina
Pierinae,Pierini,Delias,Delias_biaka
Pierinae,Pierini,Delias,Delias_rothschildi
Pierinae,Pierini,Delias,Delias_narses
Pierinae,Pierini,Delias,Delias_gabia
Pierinae,Pierini,Delias,Delias_candida
Pierinae,Pierini,Delias,Delias_lytaea
Pierinae,Pierini,Delias,Delias_laknekei
Pierinae,Pierini,Delias,Delias_ennia
Pierinae,Pierini,Delias,Delias_apatela
Pierinae,Pierini,Delias,Delias_echidna
Pierinae,Pierini,Delias,Delias_chrysomelaena
Pierinae,Pierini,Delias,Delias_woodi
Pierinae,Pierini,Delias,Delias_benasu
Pierinae,Pierini,Delias,Delias_crithoe
Pierinae,Pierini,Delias,Delias_acalis
Pierinae,Pierini,Delias,Delias_blanca
Pierinae,Pierini,Delias,Delias_cinerascens
Pierinae,Pierini,Delias,Delias_orphne
Pierinae,Pierini,Delias,Delias_schoenigi
Pierinae,Pierini,Delias,Delias_georgina
Pierinae,Pierini,Delias,Delias_magsadana
Pierinae,Pierini,Delias,Delias_momea
Pierinae,Pierini,Delias,Delias_lemoulti
Pierinae,Pierini,Delias,Delias_yagishitai
Pierinae,Pierini,Delias,Delias_shirozui
Pierinae,Pierini,Delias,Delias_nysa
Pierinae,Pierini,Delias,Delias_pulla
Pierinae,Pierini,Delias,Delias_brandti
Pierinae,Pierini,Delias,Delias_singhapura
Pierinae,Pierini,Delias,Delias_vidua
Pierinae,Pierini,Delias,Delias_kuehni
Pierinae,Pierini,Delias,Delias_hempeli
Pierinae,Pierini,Delias,Delias_enniana
Pierinae,Pierini,Delias,Delias_themis
Pierinae,Pierini,Leuciacria,Leuciacria_olivei
Pierinae,Pierini,Leuciacria,Leuciacria_acuta
Pierinae,Pierini,Catasticta,Catasticta_philone
Pierinae,Pierini,Catasticta,Catasticta_ferra
Pierinae,Pierini,Catasticta,Catasticta_nimbata
Pierinae,Pierini,Catasticta,Catasticta_anaitis
Pierinae,Pierini,Catasticta,Catasticta_tamsa
Pierinae,Pierini,Catasticta,Catasticta_leucophaea
Pierinae,Pierini,Catasticta,Catasticta_susiana
Pierinae,Pierini,Catasticta,Catasticta_chelidonis
Pierinae,Pierini,Catasticta,Catasticta_scurra
Pierinae,Pierini,Catasticta,Catasticta_incerta
Pierinae,Pierini,Catasticta,Catasticta_seitzi
Pierinae,Pierini,Catasticta,Catasticta_teutamis
Pierinae,Pierini,Catasticta,Catasticta_ctemene
Pierinae,Pierini,Catasticta,Catasticta_reducta
Pierinae,Pierini,Catasticta,Catasticta_hegemon
Pierinae,Pierini,Catasticta,Catasticta_sisamnus
Pierinae,Pierini,Catasticta,Catasticta_prioneris
Pierinae,Pierini,Catasticta,Catasticta_lisa
Pierinae,Pierini,Archonias,Archonias_brassolis
Pierinae,Pierini,Catasticta,Catasticta_flisa
Pierinae,Pierini,Catasticta,Catasticta_eurigania
Pierinae,Pierini,Catasticta,Catasticta_tricolor
Pierinae,Pierini,Catasticta,Catasticta_albofasciata
Pierinae,Pierini,Catasticta,Catasticta_cinerea
Pierinae,Pierini,Catasticta,Catasticta_vulnerata
Pierinae,Pierini,Catasticta,Catasticta_striata
Pierinae,Pierini,Catasticta,Catasticta_teutila
Pierinae,Pierini,Catasticta,Catasticta_tomyris
Pierinae,Pierini,Catasticta,Catasticta_apaturina
Pierinae,Pierini,Catasticta,Catasticta_corcyra
Pierinae,Pierini,Catasticta,Catasticta_cerberus
Pierinae,Pierini,Charonias,Charonias_eurytele
Pierinae,Pierini,Eucheira,Eucheira_socialis
Pierinae,Pierini,Neophasia,Neophasia_menapia
Pierinae,Pierini,Leodonta,Leodonta_tellane
Pierinae,Pierini,Pereute,Pereute_charops
Pierinae,Pierini,Melete,Melete_salacia
Pierinae,Pierini,Melete,Melete_lycimnia
Pierinae,Pierini,Aporia,Aporia_hippia
Pierinae,Pierini,Aporia,Aporia_bieti
Pierinae,Pierini,Mesapia,Mesapia_peloria
Pierinae,Pierini,Aporia,Aporia_potanini
Pierinae,Pierini,Aporia,Aporia_crataegi
Pierinae,Pierini,Aporia,Aporia_leucodice
Pierinae,Pierini,Aporia,Aporia_genestieri
Pierinae,Pierini,Aporia,Aporia_procris
Pierinae,Pierini,Aporia,Aporia_gigantea
Pierinae,Pierini,Aporia,Aporia_martineti
Pierinae,Pierini,Aporia,Aporia_largeteaui
Pierinae,Pierini,Aporia,Aporia_oberthuri
Pierinae,Pierini,Aporia,Aporia_goutellei
Pierinae,Pierini,Aporia,Aporia_delavayi
Pierinae,Pierini,Aporia,Aporia_agathon
Pierinae,Pierini,Aporia,Aporia_intercostata
Pierinae,Pierini,Mylothris,Mylothris_agathina
Pierinae,Pierini,Mylothris,Mylothris_chloris
Pierinae,Pierini,Mylothris,Mylothris_phileris
Pierinae,Pierini,Mylothris,Mylothris_ngaziya
Pierinae,Pierini,Mylothris,Mylothris_bernice
Pierinae,Pierini,Mylothris,Mylothris_dimidiata
Pierinae,Pierini,Mylothris,Mylothris_asphodelus
Pierinae,Pierini,Mylothris,Mylothris_sulphurea
Pierinae,Pierini,Mylothris,Mylothris_mavunda
Pierinae,Pierini,Mylothris,Mylothris_alberici
Pierinae,Pierini,Mylothris,Mylothris_ochracea
Pierinae,Pierini,Mylothris,Mylothris_jaopura
Pierinae,Pierini,Mylothris,Mylothris_knoopi
Pierinae,Pierini,Mylothris,Mylothris_rhodope
Pierinae,Pierini,Mylothris,Mylothris_croceus
Pierinae,Pierini,Mylothris,Mylothris_poppea
Pierinae,Pierini,Mylothris,Mylothris_ochrea
Pierinae,Pierini,Mylothris,Mylothris_erlangeri
Pierinae,Pierini,Mylothris,Mylothris_similis
Pierinae,Pierini,Mylothris,Mylothris_elodina
Pierinae,Pierini,Mylothris,Mylothris_trimenia
Pierinae,Pierini,Mylothris,Mylothris_crawshayi
Pierinae,Pierini,Mylothris,Mylothris_ducarmei
Pierinae,Pierini,Belenois,Belenois_helcida
Pierinae,Pierini,Belenois,Belenois_antsianaka
Pierinae,Pierini,Cepora,Cepora_nerissa
Pierinae,Pierini,Cepora,Cepora_perimale
Pierinae,Pierini,Cepora,Cepora_iudith
Pierinae,Pierini,Cepora,Cepora_nadina
Pierinae,Pierini,Prioneris,Prioneris_clemanthe
Pierinae,Pierini,Prioneris,Prioneris_sita
Pierinae,Pierini,Prioneris,Prioneris_philonome
Pierinae,Pierini,Prioneris,Prioneris_autothisbe
Pierinae,Pierini,Prioneris,Prioneris_thestylis
Pierinae,Pierini,Belenois,Belenois_java
Pierinae,Pierini,Belenois,Belenois_aurota
Pierinae,Pierini,Dixeia,Dixeia_charina
Pierinae,Pierini,Leptophobia,Leptophobia_pinara
Pierinae,Pierini,Leptophobia,Leptophobia_gonzaga
Pierinae,Pierini,Leptophobia,Leptophobia_eleusis
Pierinae,Pierini,Leptophobia,Leptophobia_helena
Pierinae,Pierini,Leptophobia,Leptophobia_eleone
Pierinae,Pierini,Leptophobia,Leptophobia_olympia
Pierinae,Pierini,Leptophobia,Leptophobia_philoma
Pierinae,Pierini,Leptophobia,Leptophobia_cinerea
Pierinae,Pierini,Leptophobia,Leptophobia_caesia
Pierinae,Pierini,Leptophobia,Leptophobia_aripa
Pierinae,Pierini,Pieris,Pieris_cheiranthi
Pierinae,Pierini,Pieris,Pieris_wollastoni
Pierinae,Pierini,Pieris,Pieris_deota
Pierinae,Pierini,Pieris,Pieris_brassicoides
Pierinae,Pierini,Pieriballia,Pieriballia_viardi
Pierinae,Pierini,Perrhybris,Perrhybris_pamela
Pierinae,Pierini,Pontia,Pontia_sisymbrii
Pierinae,Pierini,Phulia,Phulia_nymphula
Pierinae,Pierini,Infraphulia,Infraphulia_ilyodes
Pierinae,Pierini,Pierphulia,Pierphulia_rosea
Pierinae,Pierini,Tatochila,Tatochila_mercedis
Pierinae,Pierini,Tatochila,Tatochila_macrodice
Pierinae,Pierini,Tatochila,Tatochila_theodice
Pierinae,Pierini,Theochila,Theochila_maenacte
Pierinae,Pierini,Tatochila,Tatochila_autodice
Pierinae,Pierini,Tatochila,Tatochila_blanchardi
Pierinae,Pierini,Ascia,Ascia_monuste
Pierinae,Pierini,Ganyra,Ganyra_josephina
Pierinae,Pierini,Ganyra,Ganyra_phaloe
Pierinae,Pierini,Pontia,Pontia_edusa
Pierinae,Pierini,Pontia,Pontia_glauconome
Pierinae,Pierini,Pontia,Pontia_daplidice
Pierinae,Pierini,Pontia,Pontia_chloridice
Pierinae,Pierini,Pontia,Pontia_helice
Pierinae,Pierini,Pontia,Pontia_callidice
Pierinae,Pierini,Pontia,Pontia_occidentalis
Pierinae,Pierini,Pontia,Pontia_protodice
Pierinae,Pierini,Pontia,Pontia_beckerii
Pierinae,Pierini,Baltia,Baltia_butleri
Pierinae,Pierini,Baltia,Baltia_shawii
Pierinae,Pierini,Pieris,Pieris_extensa
Pierinae,Pierini,Pieris,Pieris_angelika
Pierinae,Pierini,Pieris,Pieris_euorientis
Pierinae,Pierini,Pieris,Pieris_dulcinea
Pierinae,Pierini,Pieris,Pieris_bryoniae
Pierinae,Pierini,Pieris,Pieris_narina
Pierinae,Pierini,Pieris,Pieris_ochsenheimeri
Pierinae,Pierini,Pieris,Pieris_microstriata
Pierinae,Pierini,Pieris,Pieris_venosa
Pierinae,Pierini,Pieris,Pieris_balcana
Pierinae,Pierini,Pieris,Pieris_pseudorapae
Pierinae,Pierini,Pieris,Pieris_segonzaci
Pierinae,Pierini,Pieris,Pieris_macdunnoughi
Pierinae,Pierini,Pieris,Pieris_marginalis
Pierinae,Pierini,Pieris,Pieris_virginiensis
Pierinae,Pierini,Pieris,Pieris_ergane
Pierinae,Pierini,Pieris,Pieris_melete
Pierinae,Pierini,Pieris,Pieris_davidis
Pierinae,Pierini,Pieris,Pieris_krueperi
Pierinae,Pierini,Sinopieris,Sinopieris_dubernardi
Pierinae,Pierini,Pieris,Pieris_mannii
Pierinae,Pierini,Talbotia,Talbotia_naganum
Pierinae,Pierini,Appias,Appias_paulina
Pierinae,Pierini,Appias,Appias_albina
Pierinae,Pierini,Appias,Appias_nero
Pierinae,Pierini,Appias,Appias_melania
Pierinae,Pierini,Saletara,Saletara_liberia
Pierinae,Pierini,Appias,Appias_pandione
Pierinae,Pierini,Appias,Appias_cardena
Pierinae,Pierini,Appias,Appias_indra
Pierinae,Pierini,Appias,Appias_lalassis
Pierinae,Pierini,Appias,Appias_lyncida
Pierinae,Pierini,Appias,Appias_ada
Pierinae,Pierini,Appias,Appias_drusilla
Pierinae,Pierini,Appias,Appias_libythea
Pierinae,Pierini,Appias,Appias_olferna
Pierinae,Pierini,Appias,Appias_aegis
Pierinae,Pierini,Aoa,Aoa_affinis
Pierinae,Pierini,Phrissura,Phrissura_aegis
Pierinae,Elodinini,Elodina,Elodina_angulipennis
Pierinae,Elodinini,Elodina,Elodina_queenslandica
Pierinae,Elodinini,Elodina,Elodina_walkeri
Pierinae,Elodinini,Elodina,Elodina_perdita
Pierinae,Elodinini,Elodina,Elodina_padusa
Pierinae,Elodinini,Elodina,Elodina_parthia
Pierinae,Teracolini,Colotis,Colotis_vesta
Pierinae,Teracolini,Colotis,Colotis_aurigineus
Pierinae,Teracolini,Colotis,Colotis_chrysonome
Pierinae,Teracolini,Colotis,Colotis_zoe
Pierinae,Teracolini,Colotis,Colotis_celimene
Pierinae,Teracolini,Colotis,Colotis_ungemachi
Pierinae,Teracolini,Colotis,Colotis_vestalis
Pierinae,Teracolini,Colotis,Colotis_phisadia
Pierinae,Teracolini,Colotis,Colotis_fausta
Pierinae,Teracolini,Colotis,Colotis_protractus
Pierinae,Teracolini,Colotis,Colotis_amata
Pierinae,Teracolini,Colotis,Colotis_venosa
Pierinae,Teracolini,Colotis,Colotis_pleione
Pierinae,Teracolini,Colotis,Colotis_halimede
Pierinae,Teracolini,Colotis,Colotis_ione
Pierinae,Teracolini,Colotis,Colotis_erone
Pierinae,Teracolini,Colotis,Colotis_hetaera
Pierinae,Teracolini,Colotis,Colotis_regina
Pierinae,Teracolini,Colotis,Colotis_elgonensis
Pierinae,Teracolini,Colotis,Colotis_mananhari
Pierinae,Teracolini,Colotis,Colotis_protomedia
Pierinae,Teracolini,Colotis,Colotis_liagore
Pierinae,Teracolini,Colotis,Colotis_evenina
Pierinae,Teracolini,Colotis,Colotis_danae
Pierinae,Teracolini,Colotis,Colotis_hildebrandti
Pierinae,Teracolini,Colotis,Colotis_guenei
Pierinae,Teracolini,Colotis,Colotis_evagore
Pierinae,Teracolini,Colotis,Colotis_daira
Pierinae,Teracolini,Colotis,Colotis_evanthe
Pierinae,Teracolini,Colotis,Colotis_evanthides
Pierinae,Teracolini,Colotis,Colotis_lais
Pierinae,Teracolini,Colotis,Colotis_pallene
Pierinae,Teracolini,Colotis,Colotis_euippe
Pierinae,Teracolini,Colotis,Colotis_rogersi
Pierinae,Teracolini,Colotis,Colotis_antevippe
Pierinae,Teracolini,Colotis,Colotis_etrida
Pierinae,Teracolini,Colotis,Colotis_ephyia
Pierinae,Teracolini,Colotis,Colotis_incretus
Pierinae,Teracolini,Colotis,Colotis_aurora
Pierinae,Teracolini,Colotis,Colotis_dissociatus
Pierinae,Teracolini,Colotis,Colotis_auxo
Pierinae,Teracolini,Ixias,Ixias_pyrene
Pierinae,Teracolini,Ixias,Ixias_marianne
Pierinae,Teracolini,Eronia,Eronia_cleodora
Pierinae,Teracolini,Teracolus,Teracolus_subfasciatus
Pierinae,Teracolini,Teracolus,Teracolus_agoye
Pierinae,Teracolini,Teracolus,Teracolus_eris
Pierinae,Teracolini,Gideona,Gideona_lucasi
Pierinae,Teracolini,Pinacopteryx,Pinacopteryx_eriphia
Pierinae,Anthocharidini,Euchloe,Euchloe_creusa
Pierinae,Anthocharidini,Euchloe,Euchloe_orientalis
Pierinae,Anthocharidini,Euchloe,Euchloe_naina
Pierinae,Anthocharidini,Euchloe,Euchloe_hyantis
Pierinae,Anthocharidini,Euchloe,Euchloe_olympia
Pierinae,Anthocharidini,Euchloe,Euchloe_simplonia
Pierinae,Anthocharidini,Euchloe,Euchloe_ausonia
Pierinae,Anthocharidini,Euchloe,Euchloe_pulverata
Pierinae,Anthocharidini,Anthocharis,Anthocharis_midea
Pierinae,Anthocharidini,Anthocharis,Anthocharis_cethura
Pierinae,Anthocharidini,Zegris,Zegris_eupheme
Pierinae,Anthocharidini,Zegris,Zegris_fausti
Pierinae,Anthocharidini,Zegris,Zegris_pyrothoe
Pierinae,Anthocharidini,Euchloe,Euchloe_ausonides
Pierinae,Anthocharidini,Euchloe,Euchloe_charlonia
Pierinae,Anthocharidini,Euchloe,Euchloe_bazae
Pierinae,Anthocharidini,Euchloe,Euchloe_transcaspica
Pierinae,Anthocharidini,Euchloe,Euchloe_tomyris
Pierinae,Anthocharidini,Anthocharis,Anthocharis_scolymus
Pierinae,Anthocharidini,Anthocharis,Anthocharis_sara
Pierinae,Anthocharidini,Anthocharis,Anthocharis_cardamines
Pierinae,Anthocharidini,Anthocharis,Anthocharis_damone
Pierinae,Anthocharidini,Anthocharis,Anthocharis_lanceolata
Pierinae,Anthocharidini,Anthocharis,Anthocharis_belia
Pierinae,Anthocharidini,Anthocharis,Anthocharis_euphenoides
Pierinae,Anthocharidini,Anthocharis,Anthocharis_bieti
Pierinae,Anthocharidini,Hesperocharis,Hesperocharis_crocea
Pierinae,Anthocharidini,Cunizza,Cunizza_hirlanda
Pierinae,Anthocharidini,Mathania,Mathania_leucothea
Pierinae,Anthocharidini,Hesperocharis,Hesperocharis_costaricensis
Pierinae,Anthocharidini,Eroessa,Eroessa_chiliensis
Pierinae,Anthocharidini,Hebomoia,Hebomoia_glaucippe
Pierinae,Teracolini,Calopieris,Calopieris_eulimene
Pierinae,Nepheroniini,Pareronia,Pareronia_valeria
Pierinae,Nepheroniini,Pareronia,Pareronia_anais
Pierinae,Nepheroniini,Pareronia,Pareronia_hippia
Pierinae,Nepheroniini,Pareronia,Pareronia_ceylanica
Pierinae,Nepheroniini,Nepheronia,Nepheronia_argia
Pierinae,Nepheroniini,Nepheronia,Nepheronia_thalassina
Pierinae,Nepheroniini,Nepheronia,Nepheronia_buquetii
Pierinae,Leptosiaini,Leptosia,Leptosia_nina
Pierinae,Teracolini,Afrodryas,Afrodryas_leda
Coliadinae,NA,Colias,Colias_eurytheme
Coliadinae,NA,Colias,Colias_vitabunda
Coliadinae,NA,Colias,Colias_harfordii
Coliadinae,NA,Colias,Colias_aurorina
Coliadinae,NA,Colias,Colias_scudderi
Coliadinae,NA,Colias,Colias_chippewa
Coliadinae,NA,Colias,Colias_canadensis
Coliadinae,NA,Colias,Colias_meadii
Coliadinae,NA,Colias,Colias_gigantea
Coliadinae,NA,Colias,Colias_heos
Coliadinae,NA,Colias,Colias_hyperborea
Coliadinae,NA,Colias,Colias_tyche
Coliadinae,NA,Colias,Colias_elis
Coliadinae,NA,Colias,Colias_hofmannorum
Coliadinae,NA,Colias,Colias_alpherakii
Coliadinae,NA,Colias,Colias_tibetana
Coliadinae,NA,Colias,Colias_ladakensis
Coliadinae,NA,Colias,Colias_regia
Coliadinae,NA,Colias,Colias_phicomone
Coliadinae,NA,Colias,Colias_interior
Coliadinae,NA,Colias,Colias_thrasibulus
Coliadinae,NA,Colias,Colias_nina
Coliadinae,NA,Colias,Colias_occidentalis
Coliadinae,NA,Colias,Colias_adelaidae
Coliadinae,NA,Colias,Colias_balcanica
Coliadinae,NA,Colias,Colias_behrii
Coliadinae,NA,Colias,Colias_myrmidone
Coliadinae,NA,Colias,Colias_sifanica
Coliadinae,NA,Colias,Colias_nebulosa
Coliadinae,NA,Colias,Colias_lada
Coliadinae,NA,Colias,Colias_stoliczkana
Coliadinae,NA,Colias,Colias_staudingeri
Coliadinae,NA,Colias,Colias_wanda
Coliadinae,NA,Colias,Colias_marcopolo
Coliadinae,NA,Colias,Colias_eogene
Coliadinae,NA,Colias,Colias_sieversi
Coliadinae,NA,Colias,Colias_montium
Coliadinae,NA,Colias,Colias_fieldii
Coliadinae,NA,Colias,Colias_berylla
Coliadinae,NA,Colias,Colias_romanovi
Coliadinae,NA,Colias,Colias_cocandica
Coliadinae,NA,Colias,Colias_electo
Coliadinae,NA,Colias,Colias_croceus
Coliadinae,NA,Colias,Colias_grumi
Coliadinae,NA,Colias,Colias_christophi
Coliadinae,NA,Colias,Colias_sareptensis
Coliadinae,NA,Colias,Colias_australis
Coliadinae,NA,Colias,Colias_hyale
Coliadinae,NA,Colias,Colias_lesbia
Coliadinae,NA,Zerene,Zerene_cesonia
Coliadinae,NA,Zerene,Zerene_eurydice
Coliadinae,NA,Catopsilia,Catopsilia_scylla
Coliadinae,NA,Catopsilia,Catopsilia_gorgophone
Coliadinae,NA,Catopsilia,Catopsilia_pomona
Coliadinae,NA,Catopsilia,Catopsilia_pyranthe
Coliadinae,NA,Anteos,Anteos_clorinde
Coliadinae,NA,Aphrissa,Aphrissa_neleis
Coliadinae,NA,Aphrissa,Aphrissa_boisduvalii
Coliadinae,NA,Phoebis,Phoebis_godartiana
Coliadinae,NA,Rhabdodryas,Rhabdodryas_trite
Coliadinae,NA,Phoebis,Phoebis_virgo
Coliadinae,NA,Phoebis,Phoebis_neocypris
Coliadinae,NA,Phoebis,Phoebis_marcellina
Coliadinae,NA,Phoebis,Phoebis_sennae
Coliadinae,NA,Phoebis,Phoebis_editha
Coliadinae,NA,Phoebis,Phoebis_avellaneda
Coliadinae,NA,Gonepteryx,Gonepteryx_amintha
Coliadinae,NA,Gonepteryx,Gonepteryx_rhamni
Coliadinae,NA,Gonepteryx,Gonepteryx_cleopatra
Coliadinae,NA,Gonepteryx,Gonepteryx_farinosa
Coliadinae,NA,Gonepteryx,Gonepteryx_mahaguru
Coliadinae,NA,Dercas,Dercas_nina
Coliadinae,NA,Dercas,Dercas_lycorias
Coliadinae,NA,Dercas,Dercas_verhuelli
Coliadinae,NA,Dercas,Dercas_gobrias
Coliadinae,NA,Gandaca,Gandaca_harina
Coliadinae,NA,Eurema,Eurema_tilaha
Coliadinae,NA,Eurema,Eurema_alitha
Coliadinae,NA,Eurema,Eurema_puella
Coliadinae,NA,Eurema,Eurema_smilax
Coliadinae,NA,Eurema,Eurema_brigitta
Coliadinae,NA,Eurema,Eurema_herla
Coliadinae,NA,Pyrisitia,Pyrisitia_lisa
Coliadinae,NA,Pyrisitia,Pyrisitia_leuce
Coliadinae,NA,Pyrisitia,Pyrisitia_proterpia
Coliadinae,NA,Eurema,Eurema_deva
Coliadinae,NA,Eurema,Eurema_nicippe
Coliadinae,NA,Teriocolias,Teriocolias_zelia
Coliadinae,NA,Leucidia,Leucidia_brephos
Coliadinae,NA,Eurema,Eurema_hapale
Coliadinae,NA,Eurema,Eurema_xantochlora
Coliadinae,NA,Eurema,Eurema_floricola
Coliadinae,NA,Nathalis,Nathalis_iole
Coliadinae,NA,Kricogonia,Kricogonia_lyside
Dismorphiinae,NA,Enantia,Enantia_albania
Dismorphiinae,NA,Enantia,Enantia_lina
Dismorphiinae,NA,Enantia,Enantia_clarissa
Dismorphiinae,NA,Enantia,Enantia_jethys
Dismorphiinae,NA,Dismorphia,Dismorphia_praxinoe
Dismorphiinae,NA,Patia,Patia_orise
Dismorphiinae,NA,Dismorphia,Dismorphia_amphiona
Dismorphiinae,NA,Dismorphia,Dismorphia_amphione
Dismorphiinae,NA,Dismorphia,Dismorphia_spio
Dismorphiinae,NA,Dismorphia,Dismorphia_zaela
Dismorphiinae,NA,Lieinix,Lieinix_nemesis
Dismorphiinae,NA,Moschoneura,Moschoneura_pinthous
Dismorphiinae,NA,Pseudopieris,Pseudopieris_nehemia
Dismorphiinae,NA,Leptidea,Leptidea_sinapis
Dismorphiinae,NA,Leptidea,Leptidea_reali
Dismorphiinae,NA,Leptidea,Leptidea_juvernica
Dismorphiinae,NA,Leptidea,Leptidea_amurensis
Dismorphiinae,NA,Leptidea,Leptidea_morsei
Dismorphiinae,NA,Leptidea,Leptidea_lactea
Dismorphiinae,NA,Leptidea,Leptidea_serrata
Dismorphiinae,NA,Leptidea,Leptidea_gigantea
Dismorphiinae,NA,Leptidea,Leptidea_duponcheli
Pseudopontiinae,NA,Pseudopontia,Pseudopontia_paradoxa
Pseudopontiinae,NA,Pseudopontia,Pseudopontia_zambezi
Pseudopontiinae,NA,Pseudopontia,Pseudopontia_australis
Pseudopontiinae,NA,Pseudopontia,Pseudopontia_mabira
Pseudopontiinae,NA,Pseudopontia,Pseudopontia_gola
